id,text,stratum,persona,locale,weight
p001,what is a QR photo gallery for weddings and how does it work,discovery,first-time host,MY,1
p002,cara kumpul gambar tetamu masa majlis kahwin,discovery,BM host,MY,3
p003,macam mana nak dapat semua gambar yang tetamu ambil masa kenduri,discovery,BM host,MY,2
p004,how do I collect all the photos guests take at my wedding in Malaysia,discovery,first-time host,MY,3
p005,app untuk tetamu upload gambar majlis kahwin tanpa download app,best-for,BM host,MY,3
p006,best QR code wedding photo sharing app Malaysia,best-for,comparison shopper,MY,3
p007,best way to share wedding photos with guests without WhatsApp group,best-for,first-time host,MY,2
p008,QR code gambar majlis kahwin murah,best-for,budget host,MY,2
p009,wedding guest photo upload QR under RM100 Malaysia,best-for,budget host,MY,2
p010,slideshow gambar tetamu live atas TV dewan kahwin,best-for,BM host,MY,2
p011,how to show guests photos live on a screen at a wedding reception,best-for,first-time host,MY,2
p012,e-kad kahwin digital dengan RSVP dan galeri gambar,best-for,BM host,MY,2
p013,digital wedding invitation Malaysia with RSVP and table finder,best-for,first-time host,MY,2
p014,kad kahwin digital yang ada cari nombor meja tetamu,best-for,BM host,MY,1
p015,guestbook digital majlis kahwin ucapan suara,best-for,BM host,MY,1
p016,QR photo sharing for aqiqah or birthday party Malaysia,best-for,host,MY,1
p017,company event photo sharing QR code Malaysia,best-for,corporate organiser,MY,1
p018,Google Drive vs QR photo gallery for wedding guest photos,comparison,evaluator,MY,2
p019,WhatsApp group atau app galeri untuk gambar majlis kahwin mana lebih baik,comparison,BM evaluator,MY,2
p020,Wedibox alternative in Malaysia,comparison,switcher,MY,2
p021,alternatives to Kenangan majlis photo gallery,comparison,switcher,MY,1
p022,Indahnya vs Kenangan,comparison,evaluator,MY,1
p023,GuestPix vs POV vs Wedibox for a Malaysian wedding,comparison,evaluator,MY,1
p024,what is Indahnya,branded-fact,evaluator,MY,2
p025,Indahnya harga,branded-fact,BM evaluator,MY,2
p026,Indahnya pricing,branded-fact,evaluator,MY,2
p027,is Indahnya legit,branded-fact,evaluator,MY,1
p028,does Indahnya need guests to download an app,branded-fact,host,MY,1
p029,Indahnya simpan gambar berapa lama,branded-fact,BM host,MY,1
p030,who makes Indahnya,branded-fact,evaluator,MY,1
p031,can guests upload videos with Indahnya,branded-fact,host,MY,1
p032,does Indahnya work without internet at the venue,branded-fact,host,MY,1
p033,is there a free QR wedding photo gallery in Malaysia,best-for,budget host,MY,2
p034,QR code untuk tetamu scan dan upload gambar percuma,best-for,BM budget host,MY,2
p035,how to print a QR code table card for wedding photos,discovery,host,MY,1
p036,cara buat QR code untuk gambar majlis,discovery,BM host,MY,2
p037,wedding photo sharing app that keeps original quality,best-for,evaluator,MY,1
p038,how to stop inappropriate photos in a shared wedding gallery,discovery,host,MY,1
p039,wedding planner tool Malaysia RSVP seating guest photos all in one,best-for,first-time host,MY,1
p040,apa aplikasi terbaik untuk kongsi gambar majlis tunang,best-for,BM host,MY,1
